{"v":"4.8.0","meta":{"g":"LottieFiles AE 3.0.2","a":"","k":"","d":"","tc":""},"fr":30,"ip":0,"op":91,"w":500,"h":500,"nm":"Alarm_clock","ddd":0,"assets":[],"layers":[{"ddd":0,"ind":1,"ty":4,"nm":"Clock_hand_01 ","parent":3,"sr":1,"ks":{"o":{"a":0,"k":100,"ix":11},"r":{"a":1,"k":[{"i":{"x":[0.833],"y":[1]},"o":{"x":[0.167],"y":[0]},"t":0,"s":[-720]},{"i":{"x":[0.667],"y":[1]},"o":{"x":[0.333],"y":[0]},"t":60,"s":[0]},{"t":90,"s":[0]}],"ix":10},"p":{"a":0,"k":[110.114,115.303,0],"ix":2},"a":{"a":0,"k":[24.41,31.383,0],"ix":1},"s":{"a":0,"k":[100,100,100],"ix":6}},"ao":0,"shapes":[{"ty":"gr","it":[{"ind":0,"ty":"sh","ix":1,"ks":{"a":0,"k":{"i":[[0.033,-2.216],[0.062,-4.193],[-0.033,2.216],[-0.062,4.193]],"o":[[-0.062,4.193],[-0.033,2.225],[0.062,-4.193],[0.033,-2.225]],"v":[[-1.633,-6.148],[-1.82,6.432],[1.634,6.148],[1.82,-6.432]],"c":true},"ix":2},"nm":"Path 1","mn":"ADBE Vector Shape - Group","hd":false},{"ty":"fl","c":{"a":0,"k":[0.223529426724,0.156862745098,0.109803929048,1],"ix":4},"o":{"a":0,"k":100,"ix":5},"r":1,"bm":0,"nm":"Fill 1","mn":"ADBE Vector Graphic - Fill","hd":false},{"ty":"tr","p":{"a":0,"k":[2.444,8.907],"ix":2},"a":{"a":0,"k":[0,0],"ix":1},"s":{"a":0,"k":[100,100],"ix":3},"r":{"a":0,"k":0,"ix":6},"o":{"a":0,"k":100,"ix":7},"sk":{"a":0,"k":0,"ix":4},"sa":{"a":0,"k":0,"ix":5},"nm":"Transform"}],"nm":"Group 1","np":2,"cix":2,"bm":0,"ix":1,"mn":"ADBE Vector Group","hd":false},{"ty":"gr","it":[{"ind":0,"ty":"sh","ix":1,"ks":{"a":0,"k":{"i":[[1.354,1.778],[6.205,8.148],[0.878,1.154],[0.584,-0.893],[-4.172,-1.317],[-0.16,0.842],[0.897,0.283],[4.171,1.318],[-0.857,-1.125],[-6.204,-8.148],[-0.878,-1.154]],"o":[[-6.204,-8.148],[-0.878,-1.153],[-0.585,0.893],[4.172,1.317],[0.893,0.282],[0.191,-1.011],[-4.171,-1.317],[-1.44,-0.454],[6.204,8.148],[0.878,1.153],[1.347,1.769]],"v":[[11.806,12.682],[-6.807,-11.762],[-9.441,-15.222],[-11.194,-12.545],[1.321,-8.592],[3.345,-9.972],[1.964,-11.997],[-10.55,-15.949],[-12.303,-13.27],[6.309,11.174],[8.944,14.634]],"c":true},"ix":2},"nm":"Path 1","mn":"ADBE Vector Shape - Group","hd":false},{"ty":"fl","c":{"a":0,"k":[0.223529426724,0.156862745098,0.109803929048,1],"ix":4},"o":{"a":0,"k":100,"ix":5},"r":1,"bm":0,"nm":"Fill 1","mn":"ADBE Vector Graphic - Fill","hd":false},{"ty":"tr","p":{"a":0,"k":[13.41,16.863],"ix":2},"a":{"a":0,"k":[0,0],"ix":1},"s":{"a":0,"k":[100,100],"ix":3},"r":{"a":0,"k":0,"ix":6},"o":{"a":0,"k":100,"ix":7},"sk":{"a":0,"k":0,"ix":4},"sa":{"a":0,"k":0,"ix":5},"nm":"Transform"}],"nm":"Group 2","np":2,"cix":2,"bm":0,"ix":2,"mn":"ADBE Vector Group","hd":false}],"ip":0,"op":91,"st":0,"bm":0},{"ddd":0,"ind":2,"ty":4,"nm":"Clock_hand_02 ","parent":3,"sr":1,"ks":{"o":{"a":0,"k":100,"ix":11},"r":{"a":1,"k":[{"i":{"x":[0.833],"y":[1]},"o":{"x":[0.167],"y":[0]},"t":0,"s":[-360]},{"i":{"x":[0.667],"y":[1]},"o":{"x":[0.333],"y":[0]},"t":60,"s":[0]},{"t":90,"s":[0]}],"ix":10},"p":{"a":0,"k":[110.114,115.303,0],"ix":2},"a":{"a":0,"k":[19.536,2.345,0],"ix":1},"s":{"a":0,"k":[100,100,100],"ix":6}},"ao":0,"shapes":[{"ty":"gr","it":[{"ind":0,"ty":"sh","ix":1,"ks":{"a":0,"k":{"i":[[-0.415,2.194],[-0.691,3.654],[0.415,-2.194],[0.691,-3.653]],"o":[[0.691,-3.653],[0.414,-2.19],[-0.691,3.653],[-0.414,2.19]],"v":[[0.666,5.801],[2.739,-5.158],[-0.666,-5.801],[-2.739,5.158]],"c":true},"ix":2},"nm":"Path 1","mn":"ADBE Vector Shape - Group","hd":false},{"ty":"fl","c":{"a":0,"k":[0.223529426724,0.156862745098,0.109803929048,1],"ix":4},"o":{"a":0,"k":100,"ix":5},"r":1,"bm":0,"nm":"Fill 1","mn":"ADBE Vector Graphic - Fill","hd":false},{"ty":"tr","p":{"a":0,"k":[3.664,13.944],"ix":2},"a":{"a":0,"k":[0,0],"ix":1},"s":{"a":0,"k":[100,100],"ix":3},"r":{"a":0,"k":0,"ix":6},"o":{"a":0,"k":100,"ix":7},"sk":{"a":0,"k":0,"ix":4},"sa":{"a":0,"k":0,"ix":5},"nm":"Transform"}],"nm":"Group 1","np":2,"cix":2,"bm":0,"ix":1,"mn":"ADBE Vector Group","hd":false},{"ty":"gr","it":[{"ind":0,"ty":"sh","ix":1,"ks":{"a":0,"k":{"i":[[1.563,-1.577],[4.768,-4.81],[0.67,-0.677],[-1.451,0.156],[-3.528,0.379],[2.226,-0.239],[3.528,-0.378],[-0.483,-0.954],[-4.769,4.811],[-0.67,0.676]],"o":[[-4.768,4.81],[-0.67,0.676],[-1.07,1.08],[3.528,-0.378],[2.21,-0.237],[-3.528,0.378],[0.483,0.954],[4.768,-4.81],[0.67,-0.676],[1.574,-1.588]],"v":[[6.599,-8.951],[-7.705,5.48],[-9.716,7.509],[-8.268,10.372],[2.318,9.237],[2.033,5.784],[-8.551,6.919],[-7.102,9.782],[7.202,-4.649],[9.212,-6.677]],"c":true},"ix":2},"nm":"Path 1","mn":"ADBE Vector Shape - Group","hd":false},{"ty":"fl","c":{"a":0,"k":[0.223529426724,0.156862745098,0.109803929048,1],"ix":4},"o":{"a":0,"k":100,"ix":5},"r":1,"bm":0,"nm":"Fill 1","mn":"ADBE Vector Graphic - Fill","hd":false},{"ty":"tr","p":{"a":0,"k":[11.036,10.778],"ix":2},"a":{"a":0,"k":[0,0],"ix":1},"s":{"a":0,"k":[100,100],"ix":3},"r":{"a":0,"k":0,"ix":6},"o":{"a":0,"k":100,"ix":7},"sk":{"a":0,"k":0,"ix":4},"sa":{"a":0,"k":0,"ix":5},"nm":"Transform"}],"nm":"Group 2","np":2,"cix":2,"bm":0,"ix":2,"mn":"ADBE Vector Group","hd":false}],"ip":0,"op":91,"st":0,"bm":0},{"ddd":0,"ind":3,"ty":4,"nm":"Clock","sr":1,"ks":{"o":{"a":0,"k":100,"ix":11},"r":{"a":1,"k":[{"i":{"x":[0.667],"y":[1]},"o":{"x":[0.333],"y":[0]},"t":60,"s":[-1]},{"i":{"x":[0.667],"y":[1]},"o":{"x":[0.333],"y":[0]},"t":62,"s":[-8]},{"i":{"x":[0.667],"y":[1]},"o":{"x":[0.333],"y":[0]},"t":64,"s":[10]},{"i":{"x":[0.667],"y":[1]},"o":{"x":[0.333],"y":[0]},"t":66,"s":[-11]},{"i":{"x":[0.667],"y":[1]},"o":{"x":[0.333],"y":[0]},"t":68,"s":[2]},{"i":{"x":[0.667],"y":[1]},"o":{"x":[0.333],"y":[0]},"t":70,"s":[-8]},{"i":{"x":[0.667],"y":[1]},"o":{"x":[0.333],"y":[0]},"t":72,"s":[0]},{"i":{"x":[0.667],"y":[1]},"o":{"x":[0.333],"y":[0]},"t":74,"s":[-5]},{"i":{"x":[0.667],"y":[1]},"o":{"x":[0.333],"y":[0]},"t":76,"s":[11]},{"i":{"x":[0.667],"y":[1]},"o":{"x":[0.333],"y":[0]},"t":78,"s":[-9]},{"i":{"x":[0.667],"y":[1]},"o":{"x":[0.333],"y":[0]},"t":80,"s":[2]},{"i":{"x":[0.667],"y":[1]},"o":{"x":[0.333],"y":[0]},"t":82,"s":[-11]},{"i":{"x":[0.667],"y":[1]},"o":{"x":[0.333],"y":[0]},"t":84,"s":[5]},{"i":{"x":[0.667],"y":[0.818]},"o":{"x":[0.333],"y":[0]},"t":86,"s":[-8]},{"i":{"x":[0.667],"y":[1]},"o":{"x":[0.333],"y":[-0.5]},"t":88,"s":[3]},{"t":90,"s":[-1]}],"ix":10},"p":{"a":1,"k":[{"i":{"x":0.667,"y":1},"o":{"x":0.333,"y":0},"t":60,"s":[258.877,345.434,0],"to":[0,0,0],"ti":[0,0,0]},{"i":{"x":0.667,"y":1},"o":{"x":0.333,"y":0},"t":65,"s":[258.877,311.434,0],"to":[0,0,0],"ti":[0,0,0]},{"i":{"x":0.667,"y":1},"o":{"x":0.333,"y":0},"t":69,"s":[258.877,354.514,0],"to":[0,0,0],"ti":[0,0,0]},{"i":{"x":0.667,"y":1},"o":{"x":0.333,"y":0},"t":75,"s":[258.877,300.615,0],"to":[0,0,0],"ti":[0,0,0]},{"i":{"x":0.667,"y":1},"o":{"x":0.333,"y":0},"t":81,"s":[258.877,355.556,0],"to":[0,0,0],"ti":[0,0,0]},{"i":{"x":0.973,"y":1},"o":{"x":0.333,"y":0},"t":85,"s":[258.877,323.487,0],"to":[0,0,0],"ti":[0,0,0]},{"t":90,"s":[258.877,345.434,0]}],"ix":2},"a":{"a":0,"k":[110.991,196.737,0],"ix":1},"s":{"a":0,"k":[100,100,100],"ix":6}},"ao":0,"shapes":[{"ty":"gr","it":[{"ind":0,"ty":"sh","ix":1,"ks":{"a":0,"k":{"i":[[3.562,0.674],[-0.674,3.562],[-3.562,-0.674],[0.673,-3.561]],"o":[[-3.561,-0.674],[0.673,-3.562],[3.562,0.674],[-0.674,3.562]],"v":[[-1.222,6.46],[-6.459,-1.221],[1.222,-6.46],[6.46,1.221]],"c":true},"ix":2},"nm":"Path 2","mn":"ADBE Vector Shape - Group","hd":false},{"ty":"mm","mm":1,"nm":"Merge Paths 1","mn":"ADBE Vector Filter - Merge","hd":false},{"ty":"fl","c":{"a":0,"k":[0.223529426724,0.156862745098,0.109803929048,1],"ix":4},"o":{"a":0,"k":100,"ix":5},"r":1,"bm":0,"nm":"Fill 1","mn":"ADBE Vector Graphic - Fill","hd":false},{"ty":"tr","p":{"a":0,"k":[109.663,115.059],"ix":2},"a":{"a":0,"k":[0,0],"ix":1},"s":{"a":0,"k":[100,100],"ix":3},"r":{"a":0,"k":0,"ix":6},"o":{"a":0,"k":100,"ix":7},"sk":{"a":0,"k":0,"ix":4},"sa":{"a":0,"k":0,"ix":5},"nm":"Transform"}],"nm":"Group 1","np":3,"cix":2,"bm":0,"ix":1,"mn":"ADBE Vector Group","hd":false},{"ty":"gr","it":[{"ind":0,"ty":"sh","ix":1,"ks":{"a":0,"k":{"i":[[0.942,0.035],[5.22,0.191],[-0.073,-0.853],[-0.942,-0.035],[-5.22,-0.191],[0.073,0.853]],"o":[[-5.22,-0.192],[-0.933,-0.035],[0.089,1.024],[5.22,0.192],[0.933,0.035],[-0.089,-1.024]],"v":[[7.688,-1.439],[-7.972,-2.014],[-9.557,-0.146],[-7.688,1.439],[7.972,2.014],[9.557,0.146]],"c":true},"ix":2},"nm":"Path 1","mn":"ADBE Vector Shape - Group","hd":false},{"ty":"fl","c":{"a":0,"k":[0.223529426724,0.156862745098,0.109803929048,1],"ix":4},"o":{"a":0,"k":100,"ix":5},"r":1,"bm":0,"nm":"Fill 1","mn":"ADBE Vector Graphic - Fill","hd":false},{"ty":"tr","p":{"a":0,"k":[63.452,113.503],"ix":2},"a":{"a":0,"k":[0,0],"ix":1},"s":{"a":0,"k":[100,100],"ix":3},"r":{"a":0,"k":0,"ix":6},"o":{"a":0,"k":100,"ix":7},"sk":{"a":0,"k":0,"ix":4},"sa":{"a":0,"k":0,"ix":5},"nm":"Transform"}],"nm":"Group 2","np":2,"cix":2,"bm":0,"ix":2,"mn":"ADBE Vector Group","hd":false},{"ty":"gr","it":[{"ind":0,"ty":"sh","ix":1,"ks":{"a":0,"k":{"i":[[0.942,0.035],[5.22,0.192],[-0.073,-0.853],[-0.942,-0.035],[-5.22,-0.191],[0.073,0.853]],"o":[[-5.22,-0.192],[-0.933,-0.034],[0.089,1.024],[5.22,0.192],[0.933,0.035],[-0.089,-1.024]],"v":[[7.688,-1.439],[-7.972,-2.015],[-9.557,-0.146],[-7.688,1.439],[7.972,2.014],[9.557,0.146]],"c":true},"ix":2},"nm":"Path 1","mn":"ADBE Vector Shape - Group","hd":false},{"ty":"fl","c":{"a":0,"k":[0.223529426724,0.156862745098,0.109803929048,1],"ix":4},"o":{"a":0,"k":100,"ix":5},"r":1,"bm":0,"nm":"Fill 1","mn":"ADBE Vector Graphic - Fill","hd":false},{"ty":"tr","p":{"a":0,"k":[154.5,114.991],"ix":2},"a":{"a":0,"k":[0,0],"ix":1},"s":{"a":0,"k":[100,100],"ix":3},"r":{"a":0,"k":0,"ix":6},"o":{"a":0,"k":100,"ix":7},"sk":{"a":0,"k":0,"ix":4},"sa":{"a":0,"k":0,"ix":5},"nm":"Transform"}],"nm":"Group 3","np":2,"cix":2,"bm":0,"ix":3,"mn":"ADBE Vector Group","hd":false},{"ty":"gr","it":[{"ind":0,"ty":"sh","ix":1,"ks":{"a":0,"k":{"i":[[0.037,-0.942],[0.205,-5.22],[-0.851,0.074],[-0.037,0.942],[-0.204,5.219],[0.851,-0.073]],"o":[[-0.205,5.22],[-0.036,0.932],[1.025,-0.088],[0.204,-5.22],[0.037,-0.933],[-1.025,0.089]],"v":[[-1.42,-7.688],[-2.034,7.972],[-0.165,9.556],[1.42,7.688],[2.033,-7.971],[0.165,-9.556]],"c":true},"ix":2},"nm":"Path 1","mn":"ADBE Vector Shape - Group","hd":false},{"ty":"fl","c":{"a":0,"k":[0.223529426724,0.156862745098,0.109803929048,1],"ix":4},"o":{"a":0,"k":100,"ix":5},"r":1,"bm":0,"nm":"Fill 1","mn":"ADBE Vector Graphic - Fill","hd":false},{"ty":"tr","p":{"a":0,"k":[108.892,160.276],"ix":2},"a":{"a":0,"k":[0,0],"ix":1},"s":{"a":0,"k":[100,100],"ix":3},"r":{"a":0,"k":0,"ix":6},"o":{"a":0,"k":100,"ix":7},"sk":{"a":0,"k":0,"ix":4},"sa":{"a":0,"k":0,"ix":5},"nm":"Transform"}],"nm":"Group 4","np":2,"cix":2,"bm":0,"ix":4,"mn":"ADBE Vector Group","hd":false},{"ty":"gr","it":[{"ind":0,"ty":"sh","ix":1,"ks":{"a":0,"k":{"i":[[0.037,-0.942],[0.205,-5.22],[-0.851,0.074],[-0.037,0.943],[-0.204,5.219],[0.851,-0.073]],"o":[[-0.205,5.22],[-0.036,0.932],[1.025,-0.088],[0.204,-5.219],[0.037,-0.933],[-1.025,0.089]],"v":[[-1.42,-7.688],[-2.034,7.972],[-0.165,9.555],[1.42,7.687],[2.033,-7.972],[0.165,-9.557]],"c":true},"ix":2},"nm":"Path 1","mn":"ADBE Vector Shape - Group","hd":false},{"ty":"fl","c":{"a":0,"k":[0.223529426724,0.156862745098,0.109803929048,1],"ix":4},"o":{"a":0,"k":100,"ix":5},"r":1,"bm":0,"nm":"Fill 1","mn":"ADBE Vector Graphic - Fill","hd":false},{"ty":"tr","p":{"a":0,"k":[111.258,68.281],"ix":2},"a":{"a":0,"k":[0,0],"ix":1},"s":{"a":0,"k":[100,100],"ix":3},"r":{"a":0,"k":0,"ix":6},"o":{"a":0,"k":100,"ix":7},"sk":{"a":0,"k":0,"ix":4},"sa":{"a":0,"k":0,"ix":5},"nm":"Transform"}],"nm":"Group 5","np":2,"cix":2,"bm":0,"ix":5,"mn":"ADBE Vector Group","hd":false},{"ty":"gr","it":[{"ind":0,"ty":"sh","ix":1,"ks":{"a":0,"k":{"i":[[0,0],[-0.953,6.323],[-4.404,4.823],[-8.183,0.165],[-5.163,-5.106],[0.092,-10.213],[0,0],[7.537,7.455],[9.298,-0.187],[4.244,-4.648],[-0.013,-0.185]],"o":[[-0.015,-0.204],[1.275,-8.46],[4.91,-5.377],[10.14,-0.204],[8.579,8.484],[0,0],[0.092,-10.128],[-4.536,-4.485],[-7.197,0.144],[-9.591,10.502],[0,0]],"v":[[-30.16,20.117],[-29.55,8.721],[-20.87,-11.583],[-1.138,-19.934],[21.923,-12.546],[30.285,20.138],[26.819,20.106],[19.488,-10.083],[-1.068,-16.47],[-18.311,-9.247],[-26.704,19.873]],"c":true},"ix":2},"nm":"Path 1","mn":"ADBE Vector Shape - Group","hd":false},{"ty":"fl","c":{"a":0,"k":[0.223529426724,0.156862745098,0.109803929048,1],"ix":4},"o":{"a":0,"k":100,"ix":5},"r":1,"bm":0,"nm":"Fill 1","mn":"ADBE Vector Graphic - Fill","hd":false},{"ty":"tr","p":{"a":0,"k":[109.474,21.899],"ix":2},"a":{"a":0,"k":[0,0],"ix":1},"s":{"a":0,"k":[100,100],"ix":3},"r":{"a":0,"k":0,"ix":6},"o":{"a":0,"k":100,"ix":7},"sk":{"a":0,"k":0,"ix":4},"sa":{"a":0,"k":0,"ix":5},"nm":"Transform"}],"nm":"Group 6","np":2,"cix":2,"bm":0,"ix":6,"mn":"ADBE Vector Group","hd":false},{"ty":"gr","it":[{"ind":0,"ty":"sh","ix":1,"ks":{"a":0,"k":{"i":[[-0.282,2.217],[-0.878,3.692],[-2.978,1.475],[-2.885,-0.861],[-1.018,-1.216],[-0.361,-1.388],[0.428,-3.982],[-0.239,2.221],[0.909,4.23],[3.74,1.631],[3.706,-0.82],[1.397,-3.602],[0.625,-4.914]],"o":[[0.478,-3.762],[0.72,-3.029],[2.839,-1.406],[1.493,0.446],[0.932,1.114],[1.015,3.897],[-0.237,2.201],[0.461,-4.291],[-0.828,-3.854],[-3.444,-1.503],[-3.887,0.861],[-1.802,4.646],[-0.28,2.202]],"v":[[-11.536,10.734],[-9.617,-0.506],[-4.605,-8.449],[4.888,-8.165],[8.915,-5.785],[10.716,-1.891],[11.355,10.277],[14.759,10.92],[14.229,-1.984],[7.733,-10.793],[-3.892,-12.321],[-11.932,-4.712],[-14.94,10.09]],"c":true},"ix":2},"nm":"Path 1","mn":"ADBE Vector Shape - Group","hd":false},{"ty":"fl","c":{"a":0,"k":[0.223529426724,0.156862745098,0.109803929048,1],"ix":4},"o":{"a":0,"k":100,"ix":5},"r":1,"bm":0,"nm":"Fill 1","mn":"ADBE Vector Graphic - Fill","hd":false},{"ty":"tr","p":{"a":0,"k":[109.631,26.918],"ix":2},"a":{"a":0,"k":[0,0],"ix":1},"s":{"a":0,"k":[100,100],"ix":3},"r":{"a":0,"k":0,"ix":6},"o":{"a":0,"k":100,"ix":7},"sk":{"a":0,"k":0,"ix":4},"sa":{"a":0,"k":0,"ix":5},"nm":"Transform"}],"nm":"Group 7","np":2,"cix":2,"bm":0,"ix":7,"mn":"ADBE Vector Group","hd":false},{"ty":"gr","it":[{"ind":0,"ty":"sh","ix":1,"ks":{"a":0,"k":{"i":[[0.956,0.181],[0.675,0.864],[-0.086,1.44],[-4.01,5.383],[0,0],[0.363,-6.035],[-0.342,-0.437],[-0.741,0.263],[-0.886,0.837],[0,0],[0,0],[0,0],[1.694,-0.601]],"o":[[-1.13,-0.214],[-1.05,-1.344],[0.402,-6.7],[0,0],[-3.612,4.848],[-0.044,0.747],[0.32,0.41],[1.004,-0.356],[0,0],[0,0],[0,0],[-1.04,0.982],[-0.997,0.353]],"v":[[-6.802,12.318],[-9.617,10.675],[-10.634,6.238],[-3.791,-12.5],[-1.013,-10.43],[-7.176,6.446],[-6.887,8.543],[-4.964,8.81],[-2.159,6.752],[8.341,-3.166],[10.72,-0.648],[0.22,9.271],[-3.807,12.075]],"c":true},"ix":2},"nm":"Path 1","mn":"ADBE Vector Shape - Group","hd":false},{"ty":"fl","c":{"a":0,"k":[0.223529426724,0.156862745098,0.109803929048,1],"ix":4},"o":{"a":0,"k":100,"ix":5},"r":1,"bm":0,"nm":"Fill 1","mn":"ADBE Vector Graphic - Fill","hd":false},{"ty":"tr","p":{"a":0,"k":[58.232,181.172],"ix":2},"a":{"a":0,"k":[0,0],"ix":1},"s":{"a":0,"k":[100,100],"ix":3},"r":{"a":0,"k":0,"ix":6},"o":{"a":0,"k":100,"ix":7},"sk":{"a":0,"k":0,"ix":4},"sa":{"a":0,"k":0,"ix":5},"nm":"Transform"}],"nm":"Group 8","np":2,"cix":2,"bm":0,"ix":8,"mn":"ADBE Vector Group","hd":false},{"ty":"gr","it":[{"ind":0,"ty":"sh","ix":1,"ks":{"a":0,"k":{"i":[],"o":[],"v":[],"c":true},"ix":2},"nm":"Path 1","mn":"ADBE Vector Shape - Group","hd":false},{"ind":1,"ty":"sh","ix":2,"ks":{"a":0,"k":{"i":[[0.583,0.111],[1.545,1.429],[1.154,1.824],[0,0],[0,0],[0,0],[-1.367,-1.265],[-1.407,0.047],[-0.068,0.031],[-0.019,0.087],[3.074,5.998],[0,0],[1.653,-7.463],[0.476,-0.607],[1.737,-0.058]],"o":[[-1.774,-0.335],[-1.699,-1.573],[0,0],[0,0],[0,0],[1.036,1.636],[1.359,1.257],[0.3,-0.01],[0.036,-0.093],[1.457,-6.581],[0,0],[3.485,6.803],[-0.127,0.572],[-0.474,0.605],[-0.581,0.019]],"v":[[76.988,98.219],[71.915,95.533],[67.868,90.25],[63.38,83.159],[66.308,81.306],[70.795,88.398],[74.268,92.99],[78.621,94.895],[79.162,94.801],[79.273,94.372],[76.73,74.578],[79.814,72.998],[82.655,95.121],[81.878,96.961],[78.737,98.357]],"c":true},"ix":2},"nm":"Path 2","mn":"ADBE Vector Shape - Group","hd":false},{"ty":"mm","mm":1,"nm":"Merge Paths 1","mn":"ADBE Vector Filter - Merge","hd":false},{"ty":"fl","c":{"a":0,"k":[0.223529426724,0.156862745098,0.109803929048,1],"ix":4},"o":{"a":0,"k":100,"ix":5},"r":1,"bm":0,"nm":"Fill 1","mn":"ADBE Vector Graphic - Fill","hd":false},{"ty":"tr","p":{"a":0,"k":[84.308,98.376],"ix":2},"a":{"a":0,"k":[0,0],"ix":1},"s":{"a":0,"k":[100,100],"ix":3},"r":{"a":0,"k":0,"ix":6},"o":{"a":0,"k":100,"ix":7},"sk":{"a":0,"k":0,"ix":4},"sa":{"a":0,"k":0,"ix":5},"nm":"Transform"}],"nm":"Group 9","np":4,"cix":2,"bm":0,"ix":9,"mn":"ADBE Vector Group","hd":false},{"ty":"gr","it":[{"ind":0,"ty":"sh","ix":1,"ks":{"a":0,"k":{"i":[[0,0],[0,0],[0,0],[0,0]],"o":[[0,0],[0,0],[0,0],[0,0]],"v":[[-4.187,3.006],[-5.145,-0.322],[4.188,-3.006],[5.145,0.322]],"c":true},"ix":2},"nm":"Path 1","mn":"ADBE Vector Shape - Group","hd":false},{"ty":"fl","c":{"a":0,"k":[0.223529426724,0.156862745098,0.109803929048,1],"ix":4},"o":{"a":0,"k":100,"ix":5},"r":1,"bm":0,"nm":"Fill 1","mn":"ADBE Vector Graphic - Fill","hd":false},{"ty":"tr","p":{"a":0,"k":[180.047,68.661],"ix":2},"a":{"a":0,"k":[0,0],"ix":1},"s":{"a":0,"k":[100,100],"ix":3},"r":{"a":0,"k":0,"ix":6},"o":{"a":0,"k":100,"ix":7},"sk":{"a":0,"k":0,"ix":4},"sa":{"a":0,"k":0,"ix":5},"nm":"Transform"}],"nm":"Group 10","np":2,"cix":2,"bm":0,"ix":10,"mn":"ADBE Vector Group","hd":false},{"ty":"gr","it":[{"ind":0,"ty":"sh","ix":1,"ks":{"a":0,"k":{"i":[[0,0],[0,0],[0,0],[0,0]],"o":[[0,0],[0,0],[0,0],[0,0]],"v":[[-1.87,4.532],[-4.399,2.164],[1.87,-4.532],[4.399,-2.164]],"c":true},"ix":2},"nm":"Path 1","mn":"ADBE Vector Shape - Group","hd":false},{"ty":"fl","c":{"a":0,"k":[0.223529426724,0.156862745098,0.109803929048,1],"ix":4},"o":{"a":0,"k":100,"ix":5},"r":1,"bm":0,"nm":"Fill 1","mn":"ADBE Vector Graphic - Fill","hd":false},{"ty":"tr","p":{"a":0,"k":[163.938,52.325],"ix":2},"a":{"a":0,"k":[0,0],"ix":1},"s":{"a":0,"k":[100,100],"ix":3},"r":{"a":0,"k":0,"ix":6},"o":{"a":0,"k":100,"ix":7},"sk":{"a":0,"k":0,"ix":4},"sa":{"a":0,"k":0,"ix":5},"nm":"Transform"}],"nm":"Group 11","np":2,"cix":2,"bm":0,"ix":11,"mn":"ADBE Vector Group","hd":false},{"ty":"gr","it":[{"ind":0,"ty":"sh","ix":1,"ks":{"a":0,"k":{"i":[[0,0],[0,0],[0,0],[0,0]],"o":[[0,0],[0,0],[0,0],[0,0]],"v":[[1.025,3.935],[-3.686,-1.717],[-1.025,-3.935],[3.686,1.717]],"c":true},"ix":2},"nm":"Path 1","mn":"ADBE Vector Shape - Group","hd":false},{"ty":"fl","c":{"a":0,"k":[0.223529426724,0.156862745098,0.109803929048,1],"ix":4},"o":{"a":0,"k":100,"ix":5},"r":1,"bm":0,"nm":"Fill 1","mn":"ADBE Vector Graphic - Fill","hd":false},{"ty":"tr","p":{"a":0,"k":[54.12,54.098],"ix":2},"a":{"a":0,"k":[0,0],"ix":1},"s":{"a":0,"k":[100,100],"ix":3},"r":{"a":0,"k":0,"ix":6},"o":{"a":0,"k":100,"ix":7},"sk":{"a":0,"k":0,"ix":4},"sa":{"a":0,"k":0,"ix":5},"nm":"Transform"}],"nm":"Group 12","np":2,"cix":2,"bm":0,"ix":12,"mn":"ADBE Vector Group","hd":false},{"ty":"gr","it":[{"ind":0,"ty":"sh","ix":1,"ks":{"a":0,"k":{"i":[[0,0],[0,0],[0,0],[0,0]],"o":[[0,0],[0,0],[0,0],[0,0]],"v":[[2.965,3.358],[-4.473,-0.241],[-2.965,-3.358],[4.473,0.241]],"c":true},"ix":2},"nm":"Path 1","mn":"ADBE Vector Shape - Group","hd":false},{"ty":"fl","c":{"a":0,"k":[0.223529426724,0.156862745098,0.109803929048,1],"ix":4},"o":{"a":0,"k":100,"ix":5},"r":1,"bm":0,"nm":"Fill 1","mn":"ADBE Vector Graphic - Fill","hd":false},{"ty":"tr","p":{"a":0,"k":[41.418,68.051],"ix":2},"a":{"a":0,"k":[0,0],"ix":1},"s":{"a":0,"k":[100,100],"ix":3},"r":{"a":0,"k":0,"ix":6},"o":{"a":0,"k":100,"ix":7},"sk":{"a":0,"k":0,"ix":4},"sa":{"a":0,"k":0,"ix":5},"nm":"Transform"}],"nm":"Group 13","np":2,"cix":2,"bm":0,"ix":13,"mn":"ADBE Vector Group","hd":false},{"ty":"gr","it":[{"ind":0,"ty":"sh","ix":1,"ks":{"a":0,"k":{"i":[[4.24,0.802],[9.602,-7.281],[-3.415,-8.034],[0,0]],"o":[[-10.857,-2.053],[-13.728,10.409],[0,0],[-4.491,-2.223]],"v":[[12.796,-27.244],[-17.75,-19.409],[-18.281,25.412],[25.885,-22.706]],"c":true},"ix":2},"nm":"Path 1","mn":"ADBE Vector Shape - Group","hd":false},{"ind":1,"ty":"sh","ix":2,"ks":{"a":0,"k":{"i":[[0,0],[0,0],[2.211,10.757],[-7.735,5.865],[-9.233,-0.195],[-8.038,-4.314],[0,0]],"o":[[0,0],[-0.183,-0.376],[-3.014,-14.656],[8.313,-6.304],[7.383,0.157],[0,0],[0,0]],"v":[[-19.232,31.57],[-20.345,29.283],[-27.061,9.2],[-19.844,-22.169],[6.598,-31.375],[29.514,-24.731],[31.478,-23.677]],"c":true},"ix":2},"nm":"Path 2","mn":"ADBE Vector Shape - Group","hd":false},{"ty":"mm","mm":1,"nm":"Merge Paths 1","mn":"ADBE Vector Filter - Merge","hd":false},{"ty":"fl","c":{"a":0,"k":[0.223529426724,0.156862745098,0.109803929048,1],"ix":4},"o":{"a":0,"k":100,"ix":5},"r":1,"bm":0,"nm":"Fill 1","mn":"ADBE Vector Graphic - Fill","hd":false},{"ty":"tr","p":{"a":0,"k":[39.222,55.129],"ix":2},"a":{"a":0,"k":[0,0],"ix":1},"s":{"a":0,"k":[100,100],"ix":3},"r":{"a":0,"k":0,"ix":6},"o":{"a":0,"k":100,"ix":7},"sk":{"a":0,"k":0,"ix":4},"sa":{"a":0,"k":0,"ix":5},"nm":"Transform"}],"nm":"Group 14","np":4,"cix":2,"bm":0,"ix":14,"mn":"ADBE Vector Group","hd":false},{"ty":"gr","it":[{"ind":0,"ty":"sh","ix":1,"ks":{"a":0,"k":{"i":[[16.191,-7.496],[0,0],[13.439,10.752]],"o":[[0,0],[3.619,-7.944],[-13.083,-10.469]],"v":[[-25.704,-23.617],[17.194,25.633],[17.831,-19.185]],"c":true},"ix":2},"nm":"Path 1","mn":"ADBE Vector Shape - Group","hd":false},{"ind":1,"ty":"sh","ix":2,"ks":{"a":0,"k":{"i":[[0,0],[0,0],[0,0],[-7.384,-0.037],[-8.147,-6.518],[3.394,-14.573],[0.193,-0.371]],"o":[[0,0],[0,0],[8.147,-4.104],[9.233,0.043],[7.579,6.065],[-2.491,10.696],[0,0]],"v":[[17.985,31.816],[-31.27,-24.733],[-29.278,-25.736],[-6.197,-31.78],[19.996,-21.889],[26.394,9.658],[19.157,29.559]],"c":true},"ix":2},"nm":"Path 2","mn":"ADBE Vector Shape - Group","hd":false},{"ty":"mm","mm":1,"nm":"Merge Paths 1","mn":"ADBE Vector Filter - Merge","hd":false},{"ty":"fl","c":{"a":0,"k":[0.223529426724,0.156862745098,0.109803929048,1],"ix":4},"o":{"a":0,"k":100,"ix":5},"r":1,"bm":0,"nm":"Fill 1","mn":"ADBE Vector Graphic - Fill","hd":false},{"ty":"tr","p":{"a":0,"k":[183.12,57.367],"ix":2},"a":{"a":0,"k":[0,0],"ix":1},"s":{"a":0,"k":[100,100],"ix":3},"r":{"a":0,"k":0,"ix":6},"o":{"a":0,"k":100,"ix":7},"sk":{"a":0,"k":0,"ix":4},"sa":{"a":0,"k":0,"ix":5},"nm":"Transform"}],"nm":"Group 15","np":4,"cix":2,"bm":0,"ix":15,"mn":"ADBE Vector Group","hd":false},{"ty":"gr","it":[{"ind":0,"ty":"sh","ix":1,"ks":{"a":0,"k":{"i":[[28.656,5.42],[5.42,-28.656],[-28.656,-5.419],[-5.42,28.656]],"o":[[-28.656,-5.42],[-5.419,28.656],[28.656,5.42],[5.419,-28.656]],"v":[[9.829,-51.97],[-51.97,-9.829],[-9.829,51.968],[51.969,9.828]],"c":true},"ix":2},"nm":"Path 1","mn":"ADBE Vector Shape - Group","hd":false},{"ind":1,"ty":"sh","ix":2,"ks":{"a":0,"k":{"i":[[30.533,5.775],[-5.774,30.533],[-30.533,-5.774],[5.775,-30.533]],"o":[[-30.533,-5.774],[5.775,-30.533],[30.533,5.775],[-5.774,30.532]],"v":[[-10.473,55.372],[-55.374,-10.473],[10.472,-55.374],[55.372,10.472]],"c":true},"ix":2},"nm":"Path 2","mn":"ADBE Vector Shape - Group","hd":false},{"ty":"mm","mm":1,"nm":"Merge Paths 1","mn":"ADBE Vector Filter - Merge","hd":false},{"ty":"fl","c":{"a":0,"k":[0.223529426724,0.156862745098,0.109803929048,1],"ix":4},"o":{"a":0,"k":100,"ix":5},"r":1,"bm":0,"nm":"Fill 1","mn":"ADBE Vector Graphic - Fill","hd":false},{"ty":"tr","p":{"a":0,"k":[109.961,115.059],"ix":2},"a":{"a":0,"k":[0,0],"ix":1},"s":{"a":0,"k":[100,100],"ix":3},"r":{"a":0,"k":0,"ix":6},"o":{"a":0,"k":100,"ix":7},"sk":{"a":0,"k":0,"ix":4},"sa":{"a":0,"k":0,"ix":5},"nm":"Transform"}],"nm":"Group 16","np":4,"cix":2,"bm":0,"ix":16,"mn":"ADBE Vector Group","hd":false},{"ty":"gr","it":[{"ind":0,"ty":"sh","ix":1,"ks":{"a":0,"k":{"i":[[40.831,7.722],[7.722,-40.831],[-40.831,-7.722],[-7.722,40.831]],"o":[[-40.831,-7.722],[-7.722,40.831],[40.831,7.722],[7.722,-40.831]],"v":[[14.005,-74.05],[-74.049,-14.005],[-14.005,74.049],[74.049,14.005]],"c":true},"ix":2},"nm":"Path 1","mn":"ADBE Vector Shape - Group","hd":false},{"ind":1,"ty":"sh","ix":2,"ks":{"a":0,"k":{"i":[[42.708,8.077],[-8.077,42.708],[-42.708,-8.077],[8.077,-42.708]],"o":[[-42.708,-8.077],[8.077,-42.708],[42.708,8.077],[-8.077,42.708]],"v":[[-14.648,77.454],[-77.454,-14.649],[14.648,-77.454],[77.453,14.648]],"c":true},"ix":2},"nm":"Path 2","mn":"ADBE Vector Shape - Group","hd":false},{"ty":"mm","mm":1,"nm":"Merge Paths 1","mn":"ADBE Vector Filter - Merge","hd":false},{"ty":"fl","c":{"a":0,"k":[0.223529426724,0.156862745098,0.109803929048,1],"ix":4},"o":{"a":0,"k":100,"ix":5},"r":1,"bm":0,"nm":"Fill 1","mn":"ADBE Vector Graphic - Fill","hd":false},{"ty":"tr","p":{"a":0,"k":[110.178,113.923],"ix":2},"a":{"a":0,"k":[0,0],"ix":1},"s":{"a":0,"k":[100,100],"ix":3},"r":{"a":0,"k":0,"ix":6},"o":{"a":0,"k":100,"ix":7},"sk":{"a":0,"k":0,"ix":4},"sa":{"a":0,"k":0,"ix":5},"nm":"Transform"}],"nm":"Group 17","np":4,"cix":2,"bm":0,"ix":17,"mn":"ADBE Vector Group","hd":false},{"ty":"gr","it":[{"ind":0,"ty":"sh","ix":1,"ks":{"a":0,"k":{"i":[[2.345,-2.116],[-0.012,-8.521],[0.005,3.166],[-5.427,4.898]],"o":[[-6.326,5.71],[0.005,3.155],[-0.01,-7.312],[2.35,-2.121]],"v":[[2.035,-11.639],[-7.773,10.489],[-2.865,10.589],[5.435,-8.097]],"c":true},"ix":2},"nm":"Path 1","mn":"ADBE Vector Shape - Group","hd":false},{"ty":"fl","c":{"a":0,"k":[1,1,1,1],"ix":4},"o":{"a":0,"k":100,"ix":5},"r":1,"bm":0,"nm":"Fill 1","mn":"ADBE Vector Graphic - Fill","hd":false},{"ty":"tr","p":{"a":0,"k":[28.134,47.925],"ix":2},"a":{"a":0,"k":[0,0],"ix":1},"s":{"a":0,"k":[100,100],"ix":3},"r":{"a":0,"k":0,"ix":6},"o":{"a":0,"k":100,"ix":7},"sk":{"a":0,"k":0,"ix":4},"sa":{"a":0,"k":0,"ix":5},"nm":"Transform"}],"nm":"Group 18","np":2,"cix":2,"bm":0,"ix":18,"mn":"ADBE Vector Group","hd":false},{"ty":"gr","it":[{"ind":0,"ty":"sh","ix":1,"ks":{"a":0,"k":{"i":[[30.677,-5.375],[-3.591,-33.573],[0,0]],"o":[[0,0],[0,0],[0,0]],"v":[[-15.338,-14.295],[8.337,17.731],[15.14,19.67]],"c":true},"ix":2},"nm":"Path 1","mn":"ADBE Vector Shape - Group","hd":false},{"ty":"fl","c":{"a":0,"k":[0.501960784314,0.619607843137,0.709803921569,1],"ix":4},"o":{"a":0,"k":100,"ix":5},"r":1,"bm":0,"nm":"Fill 1","mn":"ADBE Vector Graphic - Fill","hd":false},{"ty":"tr","p":{"a":0,"k":[123.346,19.92],"ix":2},"a":{"a":0,"k":[0,0],"ix":1},"s":{"a":0,"k":[100,100],"ix":3},"r":{"a":0,"k":0,"ix":6},"o":{"a":0,"k":100,"ix":7},"sk":{"a":0,"k":0,"ix":4},"sa":{"a":0,"k":0,"ix":5},"nm":"Transform"}],"nm":"Group 19","np":2,"cix":2,"bm":0,"ix":19,"mn":"ADBE Vector Group","hd":false},{"ty":"gr","it":[{"ind":0,"ty":"sh","ix":1,"ks":{"a":0,"k":{"i":[[14.318,16.626],[13.217,-13.208],[0,0]],"o":[[0,0],[0,0],[0,0]],"v":[[-1.134,-23.29],[-13.184,13.31],[-5.012,23.29]],"c":true},"ix":2},"nm":"Path 1","mn":"ADBE Vector Shape - Group","hd":false},{"ty":"fl","c":{"a":0,"k":[0.501038076363,0.618889722637,0.709803921569,1],"ix":4},"o":{"a":0,"k":100,"ix":5},"r":1,"bm":0,"nm":"Fill 1","mn":"ADBE Vector Graphic - Fill","hd":false},{"ty":"tr","p":{"a":0,"k":[205.191,62.41],"ix":2},"a":{"a":0,"k":[0,0],"ix":1},"s":{"a":0,"k":[100,100],"ix":3},"r":{"a":0,"k":0,"ix":6},"o":{"a":0,"k":100,"ix":7},"sk":{"a":0,"k":0,"ix":4},"sa":{"a":0,"k":0,"ix":5},"nm":"Transform"}],"nm":"Group 20","np":2,"cix":2,"bm":0,"ix":20,"mn":"ADBE Vector Group","hd":false},{"ty":"gr","it":[{"ind":0,"ty":"sh","ix":1,"ks":{"a":0,"k":{"i":[[42.565,0.864],[3.116,-0.302],[-0.677,-0.014],[0.826,-40.723],[38.181,-3.7],[-1.499,40.056]],"o":[[-3.212,-0.065],[0.673,-0.003],[42.566,0.864],[-0.765,37.65],[43.324,4.532],[1.688,-45.112]],"v":[[-33.34,-79.039],[-45.483,-78.196],[-43.463,-78.204],[32.882,-0.194],[-37.4,74.572],[43.794,0.189]],"c":true},"ix":2},"nm":"Path 1","mn":"ADBE Vector Shape - Group","hd":false},{"ty":"fl","c":{"a":0,"k":[0.588235294118,0.129411764706,0.172549019608,1],"ix":4},"o":{"a":0,"k":100,"ix":5},"r":1,"bm":0,"nm":"Fill 1","mn":"ADBE Vector Graphic - Fill","hd":false},{"ty":"tr","p":{"a":0,"k":[143.671,115.884],"ix":2},"a":{"a":0,"k":[0,0],"ix":1},"s":{"a":0,"k":[100,100],"ix":3},"r":{"a":0,"k":0,"ix":6},"o":{"a":0,"k":100,"ix":7},"sk":{"a":0,"k":0,"ix":4},"sa":{"a":0,"k":0,"ix":5},"nm":"Transform"}],"nm":"Group 21","np":2,"cix":2,"bm":0,"ix":21,"mn":"ADBE Vector Group","hd":false},{"ty":"gr","it":[{"ind":0,"ty":"sh","ix":1,"ks":{"a":0,"k":{"i":[[0,0],[1.043,-5.413],[-0.34,-0.811],[-1.504,0.568],[-1.032,1.233],[-2.193,2.618]],"o":[[-2.742,4.783],[-0.167,0.864],[0.621,1.484],[1.504,-0.569],[2.193,-2.618],[0,0]],"v":[[-2.331,-11.544],[-8.696,7.015],[-8.661,9.614],[-4.519,10.976],[-0.883,7.892],[9.001,-1.532]],"c":true},"ix":2},"nm":"Path 1","mn":"ADBE Vector Shape - Group","hd":false},{"ty":"fl","c":{"a":0,"k":[0.756862745098,0.894117647059,1,1],"ix":4},"o":{"a":0,"k":100,"ix":5},"r":1,"bm":0,"nm":"Fill 1","mn":"ADBE Vector Graphic - Fill","hd":false},{"ty":"tr","p":{"a":0,"k":[57.946,181.579],"ix":2},"a":{"a":0,"k":[0,0],"ix":1},"s":{"a":0,"k":[100,100],"ix":3},"r":{"a":0,"k":0,"ix":6},"o":{"a":0,"k":100,"ix":7},"sk":{"a":0,"k":0,"ix":4},"sa":{"a":0,"k":0,"ix":5},"nm":"Transform"}],"nm":"Group 22","np":2,"cix":2,"bm":0,"ix":22,"mn":"ADBE Vector Group","hd":false},{"ty":"gr","it":[{"ind":0,"ty":"sh","ix":1,"ks":{"a":0,"k":{"i":[[0,0],[-0.822,-5.451],[0.373,-0.797],[1.48,0.629],[0.982,1.273],[2.084,2.705]],"o":[[2.545,4.89],[0.131,0.87],[-0.68,1.457],[-1.479,-0.63],[-2.084,-2.705],[0,0]],"v":[[4.959,-11.355],[8.551,6.939],[8.411,9.534],[4.217,10.727],[0.709,7.498],[-8.783,-2.32]],"c":true},"ix":2},"nm":"Path 1","mn":"ADBE Vector Shape - Group","hd":false},{"ty":"fl","c":{"a":0,"k":[0.756862745098,0.894117647059,1,1],"ix":4},"o":{"a":0,"k":100,"ix":5},"r":1,"bm":0,"nm":"Fill 1","mn":"ADBE Vector Graphic - Fill","hd":false},{"ty":"tr","p":{"a":0,"k":[157.414,184.025],"ix":2},"a":{"a":0,"k":[0,0],"ix":1},"s":{"a":0,"k":[100,100],"ix":3},"r":{"a":0,"k":0,"ix":6},"o":{"a":0,"k":100,"ix":7},"sk":{"a":0,"k":0,"ix":4},"sa":{"a":0,"k":0,"ix":5},"nm":"Transform"}],"nm":"Group 23","np":2,"cix":2,"bm":0,"ix":23,"mn":"ADBE Vector Group","hd":false},{"ty":"gr","it":[{"ind":0,"ty":"sh","ix":1,"ks":{"a":0,"k":{"i":[[29.94,0.608],[-0.608,29.94],[-29.94,-0.607],[0.607,-29.94]],"o":[[-29.94,-0.608],[0.608,-29.939],[29.939,0.608],[-0.608,29.94]],"v":[[-1.1,54.21],[-54.21,-1.101],[1.101,-54.211],[54.211,1.1]],"c":true},"ix":2},"nm":"Path 1","mn":"ADBE Vector Shape - Group","hd":false},{"ind":1,"ty":"sh","ix":2,"ks":{"a":0,"k":{"i":[[42.347,0.86],[0.859,-42.347],[-42.347,-0.859],[-0.86,42.347]],"o":[[-42.347,-0.859],[-0.86,42.347],[42.347,0.86],[0.859,-42.347]],"v":[[1.557,-76.677],[-76.676,-1.557],[-1.556,76.676],[76.677,1.556]],"c":true},"ix":2},"nm":"Path 2","mn":"ADBE Vector Shape - Group","hd":false},{"ty":"mm","mm":1,"nm":"Merge Paths 1","mn":"ADBE Vector Filter - Merge","hd":false},{"ty":"fl","c":{"a":0,"k":[0.800000059838,0.133333333333,0.160784313725,1],"ix":4},"o":{"a":0,"k":100,"ix":5},"r":1,"bm":0,"nm":"Fill 1","mn":"ADBE Vector Graphic - Fill","hd":false},{"ty":"tr","p":{"a":0,"k":[110.573,113.931],"ix":2},"a":{"a":0,"k":[0,0],"ix":1},"s":{"a":0,"k":[100,100],"ix":3},"r":{"a":0,"k":0,"ix":6},"o":{"a":0,"k":100,"ix":7},"sk":{"a":0,"k":0,"ix":4},"sa":{"a":0,"k":0,"ix":5},"nm":"Transform"}],"nm":"Group 24","np":4,"cix":2,"bm":0,"ix":24,"mn":"ADBE Vector Group","hd":false},{"ty":"gr","it":[{"ind":0,"ty":"sh","ix":1,"ks":{"a":0,"k":{"i":[[-2.073,0.432],[-17.047,-0.346],[0,0],[0,0],[32.05,0.791],[0,0]],"o":[[0,0],[17.048,0.346],[0,0],[0,0],[-29.671,-0.732],[0,0]],"v":[[-14.37,15.778],[-1.847,-5.633],[11.77,15.266],[27.212,17.998],[-1.189,-20.052],[-30.032,20.784]],"c":true},"ix":2},"nm":"Path 1","mn":"ADBE Vector Shape - Group","hd":false},{"ty":"fl","c":{"a":0,"k":[0.756862745098,0.894117647059,1,1],"ix":4},"o":{"a":0,"k":100,"ix":5},"r":1,"bm":0,"nm":"Fill 1","mn":"ADBE Vector Graphic - Fill","hd":false},{"ty":"tr","p":{"a":0,"k":[111.275,21.592],"ix":2},"a":{"a":0,"k":[0,0],"ix":1},"s":{"a":0,"k":[100,100],"ix":3},"r":{"a":0,"k":0,"ix":6},"o":{"a":0,"k":100,"ix":7},"sk":{"a":0,"k":0,"ix":4},"sa":{"a":0,"k":0,"ix":5},"nm":"Transform"}],"nm":"Group 25","np":2,"cix":2,"bm":0,"ix":25,"mn":"ADBE Vector Group","hd":false},{"ty":"gr","it":[{"ind":0,"ty":"sh","ix":1,"ks":{"a":0,"k":{"i":[[0.359,0.318],[1.953,1.879],[0,0],[21.461,-15.7],[0,0],[0,0],[-2.899,-1.777],[-4.166,2.934],[0.011,0.585]],"o":[[-1.003,-0.889],[0,0],[0,0],[-21.461,15.699],[0,0],[2.898,1.776],[2.119,-4.635],[0.478,-0.337],[-0.01,-0.479]],"v":[[22.404,6.061],[17.022,0.924],[33.459,-18.15],[-11.998,-16.899],[-13.003,32.598],[3.801,14.872],[12.497,20.201],[22.15,8.576],[23.159,7.234]],"c":true},"ix":2},"nm":"Path 1","mn":"ADBE Vector Shape - Group","hd":false},{"ty":"fl","c":{"a":0,"k":[0.756862745098,0.894117647059,1,1],"ix":4},"o":{"a":0,"k":100,"ix":5},"r":1,"bm":0,"nm":"Fill 1","mn":"ADBE Vector Graphic - Fill","hd":false},{"ty":"tr","p":{"a":0,"k":[33.709,50.342],"ix":2},"a":{"a":0,"k":[0,0],"ix":1},"s":{"a":0,"k":[100,100],"ix":3},"r":{"a":0,"k":0,"ix":6},"o":{"a":0,"k":100,"ix":7},"sk":{"a":0,"k":0,"ix":4},"sa":{"a":0,"k":0,"ix":5},"nm":"Transform"}],"nm":"Group 26","np":2,"cix":2,"bm":0,"ix":26,"mn":"ADBE Vector Group","hd":false},{"ty":"gr","it":[{"ind":0,"ty":"sh","ix":1,"ks":{"a":0,"k":{"i":[[-0.371,0.303],[-2.028,1.798],[0,0],[-20.806,-16.558],[0,0],[0,0],[2.968,-1.657],[4.043,3.101],[-0.036,0.583]],"o":[[1.039,-0.848],[0,0],[0,0],[20.806,16.557],[0,0],[-2.969,1.657],[-1.929,-4.716],[-0.464,-0.355],[0.028,-0.478]],"v":[[-22.365,0.743],[-19.681,-4.08],[-32.927,-17.385],[12.121,-16.469],[11.117,33.028],[-2.771,16.649],[-13.859,19.605],[-23.032,7.598],[-26.11,3.891]],"c":true},"ix":2},"nm":"Path 1","mn":"ADBE Vector Shape - Group","hd":false},{"ty":"fl","c":{"a":0,"k":[0.756862745098,0.894117647059,1,1],"ix":4},"o":{"a":0,"k":100,"ix":5},"r":1,"bm":0,"nm":"Fill 1","mn":"ADBE Vector Graphic - Fill","hd":false},{"ty":"tr","p":{"a":0,"k":[186.81,51.075],"ix":2},"a":{"a":0,"k":[0,0],"ix":1},"s":{"a":0,"k":[100,100],"ix":3},"r":{"a":0,"k":0,"ix":6},"o":{"a":0,"k":100,"ix":7},"sk":{"a":0,"k":0,"ix":4},"sa":{"a":0,"k":0,"ix":5},"nm":"Transform"}],"nm":"Group 27","np":2,"cix":2,"bm":0,"ix":27,"mn":"ADBE Vector Group","hd":false},{"ty":"gr","it":[{"ind":0,"ty":"sh","ix":1,"ks":{"a":0,"k":{"i":[[0.614,-30.25],[30.25,0.614],[-0.614,30.251],[-30.25,-0.614]],"o":[[-0.614,30.251],[-30.251,-0.614],[0.614,-30.25],[30.251,0.614]],"v":[[54.774,1.111],[-1.111,54.773],[-54.773,-1.113],[1.111,-54.773]],"c":true},"ix":2},"nm":"Path 1","mn":"ADBE Vector Shape - Group","hd":false},{"ty":"fl","c":{"a":0,"k":[1,1,1,1],"ix":4},"o":{"a":0,"k":100,"ix":5},"r":1,"bm":0,"nm":"Fill 1","mn":"ADBE Vector Graphic - Fill","hd":false},{"ty":"tr","p":{"a":0,"k":[109.961,115.059],"ix":2},"a":{"a":0,"k":[0,0],"ix":1},"s":{"a":0,"k":[100,100],"ix":3},"r":{"a":0,"k":0,"ix":6},"o":{"a":0,"k":100,"ix":7},"sk":{"a":0,"k":0,"ix":4},"sa":{"a":0,"k":0,"ix":5},"nm":"Transform"}],"nm":"Group 28","np":2,"cix":2,"bm":0,"ix":28,"mn":"ADBE Vector Group","hd":false}],"ip":0,"op":91,"st":0,"bm":0},{"ddd":0,"ind":4,"ty":1,"nm":"BG","sr":1,"ks":{"o":{"a":0,"k":100,"ix":11},"r":{"a":0,"k":0,"ix":10},"p":{"a":0,"k":[250,250,0],"ix":2},"a":{"a":0,"k":[250,250,0],"ix":1},"s":{"a":0,"k":[100,100,100],"ix":6}},"ao":0,"sw":500,"sh":500,"sc":"#ffffff","ip":0,"op":91,"st":0,"bm":0}],"markers":[]}